initial_message,response
"","Hey there! I couldn't help but notice your smile in your profile picture. What’s your secret to staying so positive?"
"If you could travel anywhere in the world right now, where would you go?","That’s a great question! I’d love to visit Japan and explore the cherry blossoms. How about you?"
"You have a great taste in music! What’s your favorite song at the moment?","Thanks! Right now, I’m really into 'Blinding Lights' by The Weeknd. Do you have a favorite artist?"
"We should grab coffee sometime. Do you have a favorite café?","I’d love that! There’s this cozy little place downtown called The Beanery. Have you been there?"
"Do you prefer sunsets or sunrises?","Sunsets for sure! They’re so calming. What about you?"
"","Hi! I noticed we both love hiking. What’s your favorite trail around here?"
"What do you do for fun?","I love trying out new recipes. What about you?"
"Do you like movies?","Yes, I’m a big movie buff! What’s the best movie you’ve seen recently?"
"What’s your favorite book?","I really enjoyed 'To Kill a Mockingbird.' How about you?"
"Do you have any pets?","Yes, I have a golden retriever named Max. Do you have any pets?"
"What’s your go-to comfort food?","Mac and cheese, for sure! What’s yours?"
"","Hey! I see you’re into photography. Do you have a favorite subject to shoot?"
"What’s the most adventurous thing you’ve ever done?","I went skydiving last summer. It was amazing! What about you?"
"Do you enjoy cooking?","Yes, I love it! I’m always experimenting with new recipes. Do you cook?"
"What’s your favorite way to spend a weekend?","I like going for a hike and then relaxing with a good book. How about you?"
"Do you play any sports?","I play tennis. What about you?"
"","Hi! Your profile says you like traveling. What’s your favorite place you’ve visited so far?"
"What’s one thing you can’t live without?","Probably my morning coffee. How about you?"
"What’s your dream job?","I’d love to be a travel writer. What’s yours?"
"Do you like trying new restaurants?","Absolutely! I’m always on the lookout for new places to eat. What’s your favorite type of cuisine?"
"What’s your favorite hobby?","I love painting. It’s really relaxing for me. What’s yours?"
"","Hey! I noticed you’re into fitness. What’s your favorite workout?"
"Do you enjoy watching sports?","Yes, especially basketball. Do you have a favorite team?"
"What’s your favorite holiday?","I love Christmas. It’s such a cozy time of year. What about you?"
"Do you prefer the beach or the mountains?","Definitely the beach. I love the sound of the waves. What about you?"
"What’s your favorite way to relax?","I enjoy taking long walks and listening to music. What about you?"
"","Hey! I noticed you're a fan of anime. What's your all-time favorite series?"
"I'm really into anime. How about you?","Absolutely! I love watching anime. My favorite has to be 'Attack on Titan.' What's yours?"
"Do you enjoy drawing or painting?","Yes, I love painting! It's so relaxing. Do you do any art?"
"I see you're into art. Do you have a favorite artist?","Yes, I really admire Van Gogh's work. Do you have a favorite?"
"What's your favorite type of music?","I'm really into indie rock. How about you?"
"Do you play any musical instruments?","Yes, I play the guitar. Do you play any instruments?"
"I'm always looking for new music. Any recommendations?","You should check out 'Tame Impala.' Their music is awesome. Any recommendations from you?"
"Do you like playing sports?","Yes, I love playing soccer. Do you play any sports?"
"What's your favorite sport to watch?","I love watching basketball. Do you have a favorite team?"
"Do you enjoy cooking?","Absolutely! Cooking is one of my favorite hobbies. Do you cook often?"
"What's your favorite dish to cook?","I love making homemade pasta. What's yours?"
"Do you like trying foods from different cultures?","Yes, I love exploring new cuisines. What's your favorite type of food?"
"Have you ever traveled abroad?","Yes, I've been to Italy and loved it. Have you traveled anywhere interesting?"
"What's your favorite cultural festival?","I really enjoy the Lantern Festival. Have you been to any cultural festivals?"
"Do you watch anime movies as well?","Yes, Studio Ghibli movies are my favorite. Have you seen any?"
"Do you like making art yourself?","Yes, I enjoy sketching in my free time. Do you create any art?"
"Who's your favorite musician or band?","I really love listening to 'The Beatles.' How about you?"
"Have you ever been to a live concert?","Yes, I saw Coldplay live last year. It was amazing! Have you been to any concerts?"
"Do you have any favorite sports teams?","I'm a huge fan of the Golden State Warriors. Do you support any teams?"
"What's a dish you've always wanted to learn to cook?","I've always wanted to make a perfect ramen. How about you?"
"Do you enjoy baking as well as cooking?","Yes, baking is so much fun! I love making cookies. Do you bake?"
"Do you have any travel destinations on your bucket list?","I'd love to visit Japan someday. What about you?"
"What's a cultural experience you've always wanted to try?","I've always wanted to experience a traditional Japanese tea ceremony. How about you?"
"I saw you want to travel to Vietnam! What do you want to do there the most?","I really want to visit the Mekong Delta and go to the Cai Rang Floating Market!"
"Have you ever been to New York City?","Yes, I loved visiting Central Park and seeing a Broadway show. Have you been?"
"I heard you're planning a trip to Japan. What are you most excited about?","I'm really looking forward to exploring Kyoto and seeing the cherry blossoms."
"What's the best city you've ever visited?","I absolutely loved Barcelona. The architecture and food were amazing. What about you?"
"Is there a city you've always wanted to visit?","I've always wanted to go to Paris and see the Eiffel Tower. How about you?"
"What did you enjoy most about your trip to Italy?","The food was incredible, especially the pasta in Rome. What did you like most when you went?"
"Do you have any travel tips for visiting London?","Yes, definitely check out the British Museum and take a walk along the Thames. Any tips for me?"
"What's your favorite way to explore a new city?","I love just walking around and finding hidden gems. How do you like to explore?"
"Do you prefer visiting big cities or small towns?","I like the excitement of big cities, but small towns have their own charm. What about you?"
"What's the most interesting cultural experience you've had while traveling?","I participated in a traditional tea ceremony in Japan. It was fascinating! Have you had any unique experiences?"
"Have you ever been to a city that surprised you?","Yes, Prague was unexpectedly beautiful and rich in history. Have you had a similar experience?"
"I saw you posted about wanting to visit Australia. What's on your itinerary?","I can't wait to snorkel at the Great Barrier Reef and explore Sydney. What's your top destination?"
"What's a city you visited that you found overrated?","I found Los Angeles a bit too hectic for my taste. How about you?"
"Do you enjoy trying local foods when you travel?","Absolutely! I love tasting authentic dishes. What's the best local food you've had?"
"What's the most beautiful city you've ever seen?","Venice was breathtaking with its canals and architecture. Which city took your breath away?"
"Do you like visiting historical sites when you travel?","Yes, I love learning about the history of the places I visit. Do you have a favorite historical site?"
"What's the best city for nightlife in your opinion?","I think Berlin has an amazing nightlife scene. Which city do you think is best?"
"Have you ever visited a city during a festival or event?","Yes, I was in Rio during Carnival, and it was incredible! Have you experienced any festivals while traveling?"
"Do you prefer guided tours or exploring on your own?","I prefer exploring on my own, but guided tours can be really informative. What about you?"
"What's a city you could see yourself living in?","I could definitely see myself living in Amsterdam. It's such a vibrant and beautiful city. How about you?"
"What's the most memorable experience you've had while traveling?","Riding a hot air balloon over Cappadocia at sunrise was unforgettable. What's your most memorable experience?"
"Do you have any recommendations for must-see cities in Europe?","Definitely visit Budapest, it's stunning and often overlooked. Any recommendations from you?"
"What's the first thing you like to do when you arrive in a new city?","I like to find a local café and people-watch for a while. What about you?"
"What's the most touristy thing you've done but still enjoyed?","I took a gondola ride in Venice. It was touristy but totally worth it. Have you done anything similar?"
"I saw you want to travel to Vietnam! What do you want to do there the most?","I really want to visit the Mekong Delta and go to the Cai Rang Floating Market!"
"Have you ever been to New York City?","Yes, I loved visiting Central Park, seeing a Broadway show, and eating at Katz's Delicatessen. Have you been?"
"I heard you're planning a trip to Japan. What are you most excited about?","I'm really looking forward to exploring Kyoto's temples and experiencing a traditional tea ceremony. How about you?"
"What's the best city you've ever visited?","I absolutely loved Barcelona. The architecture by Gaudí and the food at La Boqueria were amazing. What about you?"
"Is there a city you've always wanted to visit?","I've always wanted to go to Paris to see the Eiffel Tower and explore the Louvre. How about you?"
"What did you enjoy most about your trip to Italy?","The food was incredible, especially the pasta in Rome and the gelato in Florence. What did you like most when you went?"
"Do you have any travel tips for visiting London?","Yes, definitely check out the British Museum, take a walk along the South Bank, and don't miss the Tower of London. Any tips for me?"
"What's your favorite way to explore a new city?","I love just walking around and finding hidden gems like local markets and street art. How do you like to explore?"
"Do you prefer visiting big cities or small towns?","I like the excitement of big cities like Tokyo, but small towns like Bruges have their own charm. What about you?"
"What's the most interesting cultural experience you've had while traveling?","I participated in a traditional tea ceremony in Kyoto. It was fascinating! Have you had any unique experiences?"
"Have you ever been to a city that surprised you?","Yes, Prague was unexpectedly beautiful with its historic Old Town Square and Charles Bridge. Have you had a similar experience?"
"I saw you posted about wanting to visit Australia. What's on your itinerary?","I can't wait to snorkel at the Great Barrier Reef, visit the Sydney Opera House, and explore Melbourne's laneways. What's your top destination?"
"What's a city you visited that you found overrated?","I found Los Angeles a bit too hectic for my taste, but I did enjoy visiting the Getty Center. How about you?"
"Do you enjoy trying local foods when you travel?","Absolutely! I love tasting authentic dishes like paella in Valencia and sushi in Tokyo. What's the best local food you've had?"
"What's the most beautiful city you've ever seen?","Venice was breathtaking with its canals and St. Mark's Basilica. Which city took your breath away?"
"Do you like visiting historical sites when you travel?","Yes, I love learning about the history of places like the Colosseum in Rome and the Acropolis in Athens. Do you have a favorite historical site?"
"What's the best city for nightlife in your opinion?","I think Berlin has an amazing nightlife scene with its clubs and music festivals. Which city do you think is best?"
"Have you ever visited a city during a festival or event?","Yes, I was in Rio during Carnival, and it was incredible! Have you experienced any festivals while traveling?"
"Do you prefer guided tours or exploring on your own?","I prefer exploring on my own, but guided tours like the catacombs in Paris can be really informative. What about you?"
"What's a city you could see yourself living in?","I could definitely see myself living in Amsterdam with its beautiful canals and bike-friendly streets. How about you?"
"What's the most memorable experience you've had while traveling?","Riding a hot air balloon over Cappadocia at sunrise was unforgettable. What's your most memorable experience?"
"Do you have any recommendations for must-see cities in Europe?","Definitely visit Budapest for its stunning architecture and thermal baths. Any recommendations from you?"
"What's the first thing you like to do when you arrive in a new city?","I like to find a local café and people-watch for a while, especially in places like Paris. What about you?"
"What's the most touristy thing you've done but still enjoyed?","I took a gondola ride in Venice. It was touristy but totally worth it. Have you done anything similar?"
"","Hey there, are you always this charming, or is it just when you're texting me?"
"I can't tell if you're flirting or just really confident.","Why not both? Keeps things interesting, don't you think?"
"What's the most exciting thing you've done today?","Started talking to you. What about you?"
"Do you come here often?","Only when I know you'll be here."
"Guess what?","What? Did you finally admit you have a crush on me?"
"If you were a vegetable, you'd be a cute-cumber.","And if you were a fruit, you'd be a fineapple."
"What's your idea of a perfect date?","Anywhere with you sounds pretty perfect."
"I have a feeling you're trouble.","Good trouble, I hope."
"Tell me something interesting about you.","I can make you smile with just a text. See?"
"Are you always this fun to talk to?","Only when I'm talking to someone as interesting as you."
"What's the best way to win your heart?","You could start by replying to this message."
"If we were both animals, what would we be?","I'd be a cat so I could get all your attention. What about you?"
"What's your favorite way to spend a lazy Sunday?","Chatting with someone who makes me laugh. Like you."
"I think we would make a great team.","A team for what? Flirting championships?"
"Can you keep a secret?","Only if it's about how much you like me."
"Do you believe in love at first sight, or should I walk by again?","Maybe a few more times, just to be sure."
"What's the first thing you notice about someone?","Their smile. And yours just caught my eye."
"Are you a magician? Because whenever I look at you, everyone else disappears.","Looks like I've cast a spell on you."
"What's the most spontaneous thing you've ever done?","Texting you out of the blue. What's yours?"
"Is it just me, or did it just get a lot more exciting here?","It's definitely you. You're quite the thrill."
"I have a confession to make.","Is it that you're secretly in love with me? Because I had a feeling."
"What's your favorite kind of adventure?","The kind where I get to know someone like you."
"Do you believe in fate?","I do now, since it brought me to you."
"What's one thing you're really passionate about?","Flirting with you. What about you?"
"If we were characters in a movie, what genre would it be?","Definitely a romantic comedy with lots of witty banter."
"How would you describe yourself in three words?","Charming, witty, yours."
"What do you look for in a partner?","Someone who can keep up with my banter. Like you."
"Do you like surprises?","I love them, especially if they're from you."
"What do you think is the most attractive quality in a person?","Confidence. And you have plenty of it."
"Do you have a favorite pick-up line?","I don't need one with you, because our conversation is already perfect."
